{
  "project_info": {
    "project_number": "83834413448",
    "firebase_url": "https://p7go4lunch-1f9a9.firebaseio.com",
    "project_id": "p7go4lunch-1f9a9",
    "storage_bucket": "p7go4lunch-1f9a9.appspot.com"
  },
  "client": [
    {
      "client_info": {
        "mobilesdk_app_id": "1:83834413448:android:8172f87db33e638a3d1a3d",
        "android_client_info": {
          "package_name": "entrainement.timer.p7_go4lunch"
        }
      },
      "oauth_client": [
        {
          "client_id": "83834413448-jv2ub3htijobai6tnaud506eputsho2a.apps.googleusercontent.com",
          "client_type": 1,
          "android_info": {
            "package_name": "entrainement.timer.p7_go4lunch",
            "certificate_hash": "7b45ceb12c5f09320066d47f361c72293e49c58c"
          }
        },
        {
          "client_id": "83834413448-3cummqr8r03g075atjnp9tvo04d5250i.apps.googleusercontent.com",
          "client_type": 3
        }
      ],
      "api_key": [
        {
          "current_key": "AIzaSyAv3L2aYfJzHqK1l6_KToz7h9UExKKqYos"
        }
      ],
      "services": {
        "appinvite_service": {
          "other_platform_oauth_client": [
            {
              "client_id": "83834413448-3cummqr8r03g075atjnp9tvo04d5250i.apps.googleusercontent.com",
              "client_type": 3
            }
          ]
        }
      }
    }
  ],
  "configuration_version": "1"
}